id;wkt;TileX;TileY;TileZ
1;POLYGON ((28.1854248046875 -3.054125162910836 0,28.186798095703125 -3.054125162910836 0,28.186798095703125 -3.055496502495956 0,28.1854248046875 -3.055496502495956 0,28.1854248046875 -3.054125162910836 0));151596;133297;18
2;POLYGON ((28.186798095703125 -3.054125162910836 0,28.18817138671875 -3.054125162910836 0,28.18817138671875 -3.055496502495956 0,28.186798095703125 -3.055496502495956 0,28.186798095703125 -3.054125162910836 0));151597;133297;18
3;POLYGON ((28.1854248046875 -3.055496502495956 0,28.186798095703125 -3.055496502495956 0,28.186798095703125 -3.056867840329076 0,28.1854248046875 -3.056867840329076 0,28.1854248046875 -3.055496502495956 0));151596;133298;18
4;POLYGON ((28.186798095703125 -3.055496502495956 0,28.18817138671875 -3.055496502495956 0,28.18817138671875 -3.056867840329076 0,28.186798095703125 -3.056867840329076 0,28.186798095703125 -3.055496502495956 0));151597;133298;18
5;POLYGON ((28.1854248046875 -3.056867840329076 0,28.186798095703125 -3.056867840329076 0,28.186798095703125 -3.058239176409387 0,28.1854248046875 -3.058239176409387 0,28.1854248046875 -3.056867840329076 0));151596;133299;18
6;POLYGON ((28.186798095703125 -3.056867840329076 0,28.18817138671875 -3.056867840329076 0,28.18817138671875 -3.058239176409387 0,28.186798095703125 -3.058239176409387 0,28.186798095703125 -3.056867840329076 0));151597;133299;18
